user_id,age,gender,occupation,zip_code,user_idx,activity_count,gender_encoded,occupation_encoded
1,24,M,technician,85711,118,272,0,19
2,53,F,other,94043,229,62,1,13
3,23,M,writer,32067,269,54,0,20
4,24,M,technician,43537,267,24,0,19
5,33,F,other,15213,111,175,1,13
6,42,M,executive,98101,9,211,0,6
7,57,M,administrator,91344,38,403,0,0
8,36,M,administrator,05201,73,59,0,0
9,29,M,student,01002,293,22,0,18
10,53,M,lawyer,90703,39,184,0,9
11,39,F,other,30329,72,181,1,13
12,28,F,other,06405,304,51,1,13
13,47,M,educator,29206,58,636,0,3
14,45,M,scientist,55106,137,98,0,17
15,49,F,educator,97301,120,104,1,3
16,21,M,entertainment,10309,131,140,0,5
17,30,M,programmer,06355,247,28,0,14
18,35,F,other,37212,114,277,1,13
19,40,M,librarian,02138,109,20,0,10
20,42,F,homemaker,95660,57,48,1,8
21,26,M,writer,30068,175,179,0,20
22,25,M,writer,40206,2,128,0,20
23,30,F,artist,48197,153,151,1,1
24,21,F,artist,94533,246,68,1,1
25,39,M,engineer,55107,51,78,0,4
26,49,M,engineer,21044,115,107,0,4
27,40,F,librarian,30030,316,25,1,10
28,32,M,writer,55369,77,79,0,20
29,41,M,programmer,94043,235,34,0,14
30,7,M,student,55436,286,43,0,18
31,24,M,artist,10003,282,36,0,1
32,28,F,student,78741,79,41,1,18
33,23,M,student,27510,155,24,0,18
34,38,F,administrator,42141,277,20,1,0
35,20,F,homemaker,42459,274,25,1,8
36,19,F,student,93117,135,20,1,18
37,23,M,student,55105,237,57,0,18
38,28,F,other,54467,25,121,1,13
39,41,M,entertainment,01040,326,22,0,5
40,38,M,scientist,27514,305,35,0,17
41,33,M,engineer,80525,94,52,0,4
42,30,M,administrator,17870,55,183,0,0
43,29,F,librarian,20854,98,221,1,10
44,26,M,technician,46260,92,151,0,19
45,29,M,programmer,50233,200,48,0,14
46,27,F,marketing,46538,288,27,1,11
47,53,M,marketing,07102,241,25,0,11
48,45,M,administrator,12550,225,66,0,0
49,23,F,student,76111,105,215,1,18
50,21,M,writer,52245,29,24,0,20
51,28,M,educator,16509,279,23,0,3
52,18,F,student,55105,123,56,1,18
53,26,M,programmer,55414,249,28,0,14
54,22,M,executive,66315,130,65,0,6
55,37,M,programmer,01331,345,21,0,14
56,25,M,librarian,46260,119,187,0,10
57,16,M,none,84010,61,106,0,12
58,27,M,programmer,52246,88,154,0,14
59,49,M,educator,08403,52,382,0,3
60,50,M,healthcare,06472,60,208,0,7
61,36,M,engineer,30040,171,21,0,4
62,27,F,administrator,97214,10,232,1,0
63,31,M,marketing,75240,27,93,0,11
64,32,M,educator,43202,182,200,0,3
65,51,F,educator,48118,186,80,1,3
66,23,M,student,80521,113,38,0,18
67,17,M,student,60402,301,30,0,18
68,19,M,student,22904,107,34,0,18
69,24,M,engineer,55337,166,65,0,4
70,27,M,engineer,60067,136,131,0,4
71,39,M,scientist,98034,278,38,0,17
72,48,F,administrator,73034,53,137,1,0
73,24,M,student,41850,193,66,0,18
74,39,M,scientist,T8H1N,297,39,0,17
75,24,M,entertainment,08816,210,79,0,5
76,20,M,student,02215,263,82,0,18
77,30,M,technician,29379,157,72,0,19
78,26,M,administrator,61801,213,21,0,0
79,39,F,administrator,03755,209,55,1,0
80,34,F,administrator,52241,112,29,1,0
81,21,M,student,21218,49,58,0,18
82,50,M,programmer,22902,95,168,0,14
83,40,M,other,44133,127,155,0,13
84,32,M,executive,55369,99,68,0,6
85,51,M,educator,20003,102,288,0,3
86,26,M,administrator,46005,320,23,0,0
87,47,M,administrator,89503,54,211,0,0
88,49,F,librarian,11701,292,21,1,10
89,43,F,administrator,68106,243,76,1,0
90,60,M,educator,78155,80,300,0,3
91,55,M,marketing,01913,132,98,0,11
92,32,M,entertainment,80525,65,388,0,5
93,48,M,executive,23112,232,20,0,6
94,26,M,student,71457,90,400,0,18
95,31,M,administrator,10707,24,278,0,0
96,25,F,artist,75206,191,56,1,1
97,43,M,artist,98006,33,63,0,1
98,49,F,executive,90291,303,27,1,6
99,20,M,student,63129,46,136,0,18
100,36,M,executive,90254,142,59,0,6
101,15,M,student,05146,161,67,0,18
102,38,M,programmer,30220,26,216,0,14
103,26,M,student,55108,284,29,0,18
104,27,M,student,55108,167,111,0,18
105,24,M,engineer,94043,276,23,0,4
106,61,M,retired,55125,253,64,0,15
107,39,M,scientist,60466,217,22,0,17
108,44,M,educator,63130,240,33,0,3
109,29,M,other,55423,181,234,0,13
110,19,M,student,77840,87,133,0,18
111,57,M,engineer,90630,189,24,0,4
112,30,M,salesman,60613,163,46,0,16
113,47,M,executive,95032,146,51,0,6
114,27,M,programmer,75013,183,48,0,14
115,31,M,engineer,17110,6,92,0,4
116,40,M,healthcare,97232,192,143,0,7
117,20,M,student,16125,185,86,0,18
118,21,M,administrator,90210,214,71,0,0
119,32,M,programmer,67401,20,181,0,14
120,47,F,other,06260,287,26,1,13
121,54,M,librarian,99603,104,74,0,10
122,32,F,writer,22206,16,61,1,20
123,48,F,artist,20008,150,54,1,1
124,34,M,student,60615,250,24,0,18
125,30,M,lawyer,22202,126,182,0,9
126,28,F,lawyer,20015,203,45,1,9
127,33,M,none,73439,69,23,0,12
128,24,F,marketing,20009,91,184,1,11
129,36,F,marketing,07039,199,30,1,11
130,20,M,none,60115,116,353,0,12
131,59,F,administrator,15237,201,30,1,0
132,24,M,other,94612,328,22,0,13
133,53,M,engineer,78602,164,26,0,4
134,31,M,programmer,80236,177,25,0,14
135,23,M,student,38401,78,55,0,18
136,51,M,other,97365,265,35,0,13
137,50,M,educator,84408,187,47,0,3
138,46,M,doctor,53211,59,51,0,2
139,20,M,student,08904,321,24,0,18
140,30,F,student,32250,244,21,1,18
141,49,M,programmer,36117,238,107,0,14
142,13,M,other,48118,172,33,0,13
143,42,M,technician,08832,258,20,0,19
144,53,M,programmer,20910,169,206,0,14
145,31,M,entertainment,V3N4P,76,316,0,5
146,45,M,artist,83814,234,29,0,1
147,40,F,librarian,02143,275,20,1,10
148,33,M,engineer,97006,125,65,0,4
149,35,F,marketing,17325,251,36,1,11
150,20,F,artist,02139,222,32,1,1
151,38,F,administrator,48103,129,307,1,0
152,33,F,educator,68767,207,106,1,3
153,25,M,student,60641,256,23,0,18
154,25,M,student,53703,156,51,0,18
155,32,F,other,11217,106,22,1,13
156,25,M,educator,08360,236,37,0,3
157,57,M,engineer,70808,34,51,0,4
158,50,M,educator,27606,151,173,0,3
159,23,F,student,55346,233,107,1,18
160,27,M,programmer,66215,28,120,0,14
161,50,M,lawyer,55104,124,58,0,9
162,25,M,artist,15610,74,42,0,1
163,49,M,administrator,97212,323,23,0,0
164,47,M,healthcare,80123,196,63,0,7
165,20,F,other,53715,227,30,1,13
166,47,M,educator,55113,4,20,0,3
167,37,M,other,L9G2B,21,69,0,13
168,48,M,other,80127,86,69,0,13
169,52,F,other,53705,331,37,1,13
170,53,F,healthcare,30067,160,22,1,7
171,48,F,educator,78750,216,28,1,3
172,55,M,marketing,22207,108,27,0,11
173,56,M,other,22306,220,43,0,13
174,30,F,administrator,52302,97,177,1,0
175,26,F,scientist,21911,255,38,1,17
176,28,M,scientist,07030,252,63,0,17
177,20,M,programmer,19104,173,115,0,14
178,26,M,other,49512,47,273,0,13
179,15,M,entertainment,20755,266,42,0,5
180,22,F,administrator,60202,178,63,1,0
181,26,M,executive,21218,35,435,0,6
182,36,M,programmer,33884,198,28,0,14
183,33,M,scientist,27708,312,53,0,17
184,37,M,librarian,76013,162,251,0,10
185,53,F,librarian,97403,221,48,1,10
186,39,F,executive,00000,1,92,1,6
187,26,M,educator,16801,159,56,0,3
188,42,M,student,29440,224,112,0,18
189,32,M,artist,95014,63,187,0,1
190,30,M,administrator,95938,245,59,0,0
191,33,M,administrator,95161,170,27,0,0
192,42,M,educator,90840,141,35,0,3
193,29,M,student,49931,145,121,0,18
194,38,M,administrator,02154,17,305,0,0
195,42,M,scientist,93555,239,96,0,17
196,49,M,writer,55105,0,39,0,20
197,55,M,technician,75094,176,118,0,19
198,21,F,student,55414,85,181,1,18
199,30,M,writer,17604,259,40,0,20
200,40,M,programmer,93402,12,216,0,14
201,27,M,writer,E2A4H,41,386,0,20
202,41,F,educator,60201,260,20,1,3
203,25,F,student,32301,174,43,1,18
204,52,F,librarian,10960,280,42,1,10
205,47,M,lawyer,06371,230,22,0,9
206,14,F,student,53115,262,64,1,18
207,39,M,marketing,92037,121,230,0,11
208,43,M,engineer,01720,228,33,0,4
209,33,F,educator,85710,290,33,1,3
210,39,M,engineer,03060,13,132,0,4
211,66,M,salesman,32605,302,37,0,16
212,49,F,educator,61401,272,25,1,3
213,33,M,executive,55345,103,126,0,6
214,26,F,librarian,11231,140,128,1,10
215,35,M,programmer,63033,165,93,0,14
216,22,M,engineer,02215,81,131,0,4
217,22,M,other,11727,208,76,0,13
218,37,M,administrator,06513,149,53,0,0
219,32,M,programmer,43212,148,28,0,14
220,30,M,librarian,78205,257,22,0,10
221,19,M,student,20685,194,146,0,18
222,29,M,programmer,27502,70,387,0,14
223,19,F,student,47906,62,105,1,18
224,31,F,educator,43512,14,141,1,3
225,51,F,administrator,58202,31,27,1,0
226,28,M,student,92103,218,50,0,18
227,46,M,executive,60659,270,58,0,6
228,21,F,student,22003,307,21,1,18
229,29,F,librarian,22903,134,30,1,10
230,28,F,student,14476,202,133,1,18
231,48,M,librarian,01080,204,21,0,10
232,45,M,scientist,99709,122,93,0,17
233,38,M,engineer,98682,139,110,0,4
234,60,M,retired,94702,19,480,0,15
235,37,M,educator,22973,195,94,0,3
236,44,F,writer,53214,179,124,1,20
237,49,M,administrator,63146,89,48,0,0
238,42,F,administrator,44124,298,29,1,0
239,39,M,artist,95628,184,159,0,1
240,23,F,educator,20784,168,24,1,3
241,26,F,student,20001,66,23,1,18
242,33,M,educator,31404,44,20,0,3
243,33,M,educator,60201,64,81,0,3
244,28,M,technician,80525,3,238,0,19
245,22,M,student,55109,211,22,0,18
246,19,M,student,28734,43,195,0,18
247,28,M,engineer,20770,294,26,0,4
248,25,M,student,37235,231,56,0,18
249,25,M,student,84103,45,161,0,18
250,29,M,executive,95110,82,122,0,6
251,28,M,doctor,85032,48,77,0,2
252,42,M,engineer,07733,271,21,0,4
253,26,F,librarian,22903,7,97,1,10
254,44,M,educator,42647,67,159,0,3
255,23,M,entertainment,07029,242,83,0,5
256,35,F,none,39042,117,207,1,12
257,17,M,student,77005,188,57,0,18
258,19,F,student,77801,306,23,1,18
259,21,M,student,48823,101,46,0,18
260,40,F,artist,89801,50,24,1,1
261,28,M,administrator,85202,291,27,0,0
262,19,F,student,78264,96,160,1,18
263,41,M,programmer,55346,180,123,0,14
264,36,F,writer,90064,93,120,1,20
265,26,M,executive,84601,84,46,0,6
266,62,F,administrator,78756,296,23,1,0
267,23,M,engineer,83716,71,185,0,4
268,24,M,engineer,19422,110,328,0,4
269,31,F,librarian,43201,100,323,1,10
270,18,F,student,63119,158,138,1,18
271,51,M,engineer,22932,83,278,0,4
272,33,M,scientist,53706,128,51,0,17
273,50,F,other,10016,344,22,1,13
274,20,F,student,55414,223,71,1,18
275,38,M,engineer,92064,147,95,0,4
276,21,M,student,95064,37,518,0,18
277,35,F,administrator,55406,261,54,1,0
278,37,F,librarian,30033,36,23,1,10
279,33,M,programmer,85251,75,434,0,14
280,30,F,librarian,22903,205,258,1,10
281,15,F,student,06059,197,26,1,18
282,22,M,administrator,20057,212,22,0,0
283,28,M,programmer,55305,215,53,0,14
284,40,M,executive,92629,40,47,0,6
285,25,M,programmer,53713,190,32,0,14
286,27,M,student,15217,11,288,0,18
287,21,M,salesman,31211,42,62,0,16
288,34,M,marketing,23226,206,75,0,11
289,11,M,none,94619,289,27,0,12
290,40,M,engineer,93550,32,150,0,4
291,19,M,student,44106,18,296,0,18
292,35,F,programmer,94703,56,124,1,14
293,24,M,writer,60804,68,388,0,20
294,34,M,technician,92110,133,150,0,19
295,31,M,educator,50325,138,196,0,3
296,43,F,administrator,16803,154,147,1,0
297,29,F,educator,98103,144,192,1,3
298,44,M,executive,01581,5,127,0,6
299,29,M,doctor,63108,22,280,0,2
300,26,F,programmer,55106,322,20,1,14
301,24,M,student,55439,30,275,0,18
302,42,M,educator,77904,152,21,0,3
303,19,M,student,14853,15,484,0,18
304,22,F,student,71701,268,26,1,18
305,23,M,programmer,94086,8,222,0,14
306,45,M,other,73132,219,32,0,13
307,25,M,student,55454,143,112,0,18
308,60,M,retired,95076,23,397,0,15
309,40,M,scientist,70802,334,20,0,17
310,37,M,educator,91711,273,21,0,3
311,32,M,technician,73071,226,294,0,19
312,48,M,other,02110,254,223,0,13
313,41,M,marketing,60035,248,262,0,11
314,20,F,student,08043,264,245,1,18
315,31,M,educator,18301,281,87,0,3
316,43,F,other,77009,283,75,1,13
317,22,M,administrator,13210,337,22,0,0
318,65,M,retired,06518,285,174,0,15
319,38,M,programmer,22030,299,23,0,14
320,19,M,student,24060,309,154,0,18
321,49,F,educator,55413,295,125,1,3
322,20,M,student,50613,314,51,0,18
323,21,M,student,19149,300,89,0,18
324,21,F,student,02176,327,66,1,18
325,48,M,technician,02139,308,142,0,19
326,41,M,administrator,15235,310,187,0,0
327,22,M,student,11101,311,284,0,18
328,51,M,administrator,06779,313,283,0,0
329,48,M,educator,01720,319,65,0,3
330,35,F,educator,33884,315,147,1,3
331,33,M,entertainment,91344,317,70,0,5
332,20,M,student,40504,318,183,0,18
333,47,M,other,V0R2M,324,26,0,13
334,32,M,librarian,30002,325,333,0,10
335,45,M,executive,33775,330,22,0,6
336,23,M,salesman,42101,329,130,0,16
337,37,M,scientist,10522,368,34,0,17
338,39,F,librarian,59717,332,75,1,10
339,35,M,lawyer,37901,333,254,0,9
340,46,M,engineer,80123,336,44,0,4
341,17,F,student,44405,338,21,1,18
342,25,F,other,98006,335,201,1,13
343,43,M,engineer,30093,339,237,0,4
344,30,F,librarian,94117,340,190,1,10
345,28,F,librarian,94143,341,232,1,10
346,34,M,other,76059,342,193,0,13
347,18,M,student,90210,343,199,0,18
348,24,F,student,45660,347,58,1,18
349,68,M,retired,61455,346,41,0,15
350,32,M,student,97301,360,50,0,18
351,61,M,educator,49938,349,44,0,3
352,37,F,programmer,55105,351,42,1,14
353,25,M,scientist,28480,400,25,0,17
354,29,F,librarian,48197,348,233,1,10
355,25,M,student,60135,354,26,0,18
356,32,F,homemaker,92688,357,24,1,8
357,26,M,executive,98133,356,76,0,6
358,40,M,educator,10022,350,43,0,3
359,22,M,student,61801,373,27,0,18
360,51,M,other,98027,352,102,0,13
361,22,M,student,44074,358,121,0,18
362,35,F,homemaker,85233,355,25,1,8
363,20,M,student,87501,353,311,0,18
364,63,M,engineer,01810,380,20,0,4
365,29,M,lawyer,20009,359,58,0,9
366,20,F,student,50670,370,33,1,18
367,17,M,student,37411,361,58,0,18
368,18,M,student,92113,362,45,0,18
369,24,M,student,91335,381,22,0,18
370,52,M,writer,08534,365,75,0,20
371,36,M,engineer,99206,363,51,0,4
372,25,F,student,66046,367,66,1,18
373,24,F,other,55116,364,233,1,13
374,36,M,executive,78746,366,274,0,6
375,17,M,entertainment,37777,372,28,0,5
376,28,F,other,10010,389,30,1,13
377,22,M,student,18015,371,33,0,18
378,35,M,student,02859,369,375,0,18
379,44,M,programmer,98117,374,196,0,14
380,32,M,engineer,55117,375,162,0,4
381,33,M,artist,94608,376,127,0,1
382,45,M,engineer,01824,378,53,0,4
383,42,M,administrator,75204,385,71,0,0
384,52,M,programmer,45218,398,22,0,14
385,36,M,writer,10003,377,281,0,20
386,36,M,salesman,43221,383,23,0,16
387,33,M,entertainment,37412,379,304,0,5
388,31,M,other,36106,382,52,0,13
389,44,F,writer,83702,384,271,1,20
390,42,F,writer,85016,386,31,1,20
391,23,M,student,84604,391,121,0,18
392,52,M,writer,59801,388,111,0,20
393,19,M,student,83686,387,448,0,18
394,25,M,administrator,96819,390,149,0,0
395,43,M,other,44092,399,57,0,13
396,57,M,engineer,94551,395,54,0,4
397,17,M,student,27514,393,102,0,18
398,40,M,other,60008,392,172,0,13
399,25,M,other,92374,394,319,0,13
400,33,F,administrator,78213,403,22,1,0
401,46,F,healthcare,84107,396,153,1,7
402,30,M,engineer,95129,397,68,0,4
403,37,M,other,06811,401,50,0,13
404,29,F,programmer,55108,407,44,1,14
405,22,F,healthcare,10019,402,737,1,7
406,52,M,educator,93109,404,342,0,3
407,29,M,engineer,03261,405,226,0,4
408,23,M,student,61755,410,27,0,18
409,48,M,administrator,98225,406,203,0,0
410,30,F,artist,94025,411,28,1,1
411,34,M,educator,44691,412,58,0,3
412,25,M,educator,15222,414,51,0,3
413,55,M,educator,78212,408,50,0,3
414,24,M,programmer,38115,449,25,0,14
415,39,M,educator,85711,419,24,0,3
416,20,F,student,92626,409,493,1,18
417,27,F,other,48103,413,365,1,13
418,55,F,none,21206,424,20,1,12
419,37,M,lawyer,43215,418,32,0,9
420,53,M,educator,02140,415,36,0,3
421,38,F,programmer,55105,427,62,1,14
422,26,M,entertainment,94533,416,97,0,5
423,64,M,other,91606,420,64,0,13
424,36,F,marketing,55422,425,44,1,11
425,19,M,student,58644,417,204,0,18
426,55,M,educator,01602,430,101,0,3
427,51,M,doctor,85258,423,31,0,2
428,28,M,student,55414,422,55,0,18
429,27,M,student,29205,421,414,0,18
430,38,M,scientist,98199,432,65,0,17
431,24,M,marketing,92629,436,21,0,11
432,22,M,entertainment,50311,426,62,0,5
433,27,M,artist,11211,429,41,0,1
434,16,F,student,49705,433,44,1,18
435,24,M,engineer,60007,428,379,0,4
436,30,F,administrator,17345,431,145,1,0
437,27,F,other,20009,434,263,1,13
438,51,F,administrator,43204,435,33,1,0
439,23,F,administrator,20817,444,31,1,0
440,30,M,other,48076,438,51,0,13
441,50,M,technician,55013,475,20,0,19
442,22,M,student,85282,437,143,0,18
443,35,M,salesman,33308,502,24,0,16
444,51,F,lawyer,53202,451,24,1,9
445,21,M,writer,92653,439,135,0,20
446,57,M,educator,60201,443,36,0,3
447,30,M,administrator,55113,440,139,0,0
448,23,M,entertainment,10021,452,38,0,5
449,23,M,librarian,55021,441,75,0,10
450,35,F,educator,11758,442,540,1,3
451,16,M,student,48446,445,98,0,18
452,35,M,administrator,28018,446,206,0,0
453,18,M,student,06333,448,156,0,18
454,57,M,other,97330,447,236,0,13
455,48,M,administrator,83709,450,189,0,0
456,24,M,technician,31820,454,217,0,19
457,33,F,salesman,30011,453,277,1,16
458,47,M,technician,Y1A6B,455,183,0,19
459,22,M,student,29201,457,118,0,18
460,44,F,other,60630,458,68,1,13
461,15,M,student,98102,459,23,0,18
462,19,F,student,02918,456,33,1,18
463,48,F,healthcare,75218,465,133,1,7
464,60,M,writer,94583,469,53,0,20
465,32,M,other,05001,464,80,0,13
466,22,M,student,90804,462,101,0,18
467,29,M,engineer,91201,460,44,0,4
468,28,M,engineer,02341,461,143,0,4
469,60,M,educator,78628,468,43,0,3
470,24,M,programmer,10021,473,57,0,14
471,10,M,student,77459,466,31,0,18
472,24,M,student,87544,463,263,0,18
473,29,M,student,94708,472,35,0,18
474,51,M,executive,93711,467,327,0,6
475,30,M,programmer,75230,510,20,0,14
476,28,M,student,60440,470,83,0,18
477,23,F,student,02125,490,35,1,18
478,29,M,other,10019,471,113,0,13
479,30,M,educator,55409,476,202,0,3
480,57,M,retired,98257,474,60,0,15
481,73,M,retired,37771,481,56,0,15
482,18,F,student,40256,480,26,1,18
483,29,M,scientist,43212,486,59,0,17
484,27,M,student,21208,477,139,0,18
485,44,F,educator,95821,529,26,1,3
486,39,M,educator,93101,478,189,0,3
487,22,M,engineer,92121,479,231,0,4
488,48,M,technician,21012,492,154,0,19
489,55,M,other,45218,485,109,0,13
490,29,F,artist,V5A2B,484,57,1,1
491,43,F,writer,53711,495,33,1,20
492,57,M,educator,94618,482,55,0,3
493,22,M,engineer,60090,483,135,0,4
494,38,F,administrator,49428,488,47,1,0
495,29,M,engineer,03052,489,213,0,4
496,21,F,student,55414,487,129,1,18
497,20,M,student,50112,491,279,0,18
498,26,M,writer,55408,493,149,0,20
499,42,M,programmer,75006,494,102,0,14
500,28,M,administrator,94305,496,225,0,0
501,22,M,student,10025,517,73,0,18
502,22,M,student,23092,497,37,0,18
503,50,F,writer,27514,498,160,1,20
504,40,F,writer,92115,499,251,1,20
505,27,F,other,20657,500,112,1,13
506,46,M,programmer,03869,501,242,0,14
507,18,F,writer,28450,503,58,1,20
508,27,M,marketing,19382,505,87,0,11
509,23,M,administrator,10011,513,33,0,0
510,34,M,other,98038,515,30,0,13
511,22,M,student,21250,506,24,0,18
512,29,M,other,20090,508,21,0,13
513,43,M,administrator,26241,509,22,0,0
514,27,M,programmer,20707,504,194,0,14
515,53,M,marketing,49508,507,40,0,11
516,53,F,librarian,10021,514,21,1,10
517,24,M,student,55454,527,37,0,18
518,49,F,writer,99709,512,73,1,20
519,22,M,other,55320,521,49,0,13
520,62,M,healthcare,12603,520,23,0,7
521,19,M,student,02146,519,150,0,18
522,36,M,engineer,55443,545,30,0,4
523,50,F,administrator,04102,511,100,1,0
524,56,M,educator,02159,516,306,0,3
525,27,F,administrator,19711,518,54,1,0
526,30,M,marketing,97124,533,68,0,11
527,33,M,librarian,12180,528,137,0,10
528,18,M,student,55104,522,53,0,18
529,47,F,administrator,44224,526,43,1,0
530,29,M,engineer,94040,524,45,0,4
531,30,F,salesman,97408,525,30,1,16
532,20,M,student,92705,523,274,0,18
533,43,M,librarian,02324,530,260,0,10
534,20,M,student,05464,535,80,0,18
535,45,F,educator,80302,531,218,1,3
536,38,M,engineer,30078,532,163,0,4
537,36,M,engineer,22902,534,490,0,4
538,31,M,scientist,21010,537,81,0,17
539,53,F,administrator,80303,540,56,1,0
540,28,M,engineer,91201,550,63,0,4
541,19,F,student,84302,536,133,1,18
542,21,M,student,60515,538,135,0,18
543,33,M,scientist,95123,542,197,0,17
544,44,F,other,29464,547,31,1,13
545,27,M,technician,08052,539,162,0,19
546,36,M,executive,22911,544,59,0,6
547,50,M,educator,14534,541,23,0,3
548,51,M,writer,95468,543,155,0,20
549,42,M,scientist,45680,564,25,0,17
550,16,F,student,95453,552,40,1,18
551,25,M,programmer,55414,546,334,0,14
552,45,M,other,68147,549,84,0,13
553,58,M,educator,62901,548,100,0,3
554,32,M,scientist,62901,551,114,0,17
555,29,F,educator,23227,572,52,1,3
556,35,F,educator,30606,553,44,1,3
557,30,F,writer,11217,559,53,1,20
558,56,F,writer,63132,560,20,1,20
559,69,M,executive,10022,554,76,0,6
560,32,M,student,10003,555,101,0,18
561,23,M,engineer,60005,556,357,0,4
562,54,F,administrator,20879,567,72,1,0
563,39,F,librarian,32707,557,30,1,10
564,65,M,retired,94591,561,34,0,15
565,40,M,student,55422,562,35,0,18
566,20,M,student,14627,558,149,0,18
567,24,M,entertainment,10003,565,155,0,5
568,39,M,educator,01915,578,81,0,3
569,34,M,educator,91903,566,70,0,3
570,26,M,educator,14627,590,22,0,3
571,34,M,artist,01945,614,20,0,1
572,51,M,educator,20003,573,20,0,3
573,68,M,retired,48911,563,51,0,15
574,56,M,educator,53188,571,46,0,3
575,33,M,marketing,46032,574,26,0,11
576,48,M,executive,98281,568,36,0,6
577,36,F,student,77845,569,188,1,18
578,31,M,administrator,M7A1A,595,24,0,0
579,32,M,educator,48103,570,74,0,3
580,16,M,student,17961,585,47,0,18
581,37,M,other,94131,583,28,0,13
582,17,M,student,93003,581,62,0,18
583,44,M,engineer,29631,588,27,0,4
584,25,M,student,27511,575,24,0,18
585,69,M,librarian,98501,580,80,0,10
586,20,M,student,79508,579,166,0,18
587,26,M,other,14216,577,98,0,13
588,18,F,student,93063,576,225,1,18
589,21,M,lawyer,90034,592,43,0,9
590,50,M,educator,82435,586,48,0,3
591,57,F,librarian,92093,582,84,1,10
592,18,M,student,97520,584,360,0,18
593,31,F,educator,68767,587,156,1,3
594,46,M,educator,M4J2K,593,25,0,3
595,25,M,programmer,31909,601,96,0,14
596,20,M,artist,77073,589,20,0,1
597,23,M,other,84116,594,41,0,13
598,40,F,marketing,43085,638,25,1,11
599,22,F,student,R3T5K,591,47,1,18
600,34,M,programmer,02320,598,89,0,14
601,19,F,artist,99687,596,148,1,1
602,47,F,other,34656,597,29,1,13
603,21,M,programmer,47905,600,47,0,14
604,39,M,educator,11787,619,27,0,3
605,33,M,engineer,33716,599,90,0,4
606,28,M,programmer,63044,602,236,0,14
607,49,F,healthcare,02154,604,37,1,7
608,22,M,other,10003,603,163,0,13
609,13,F,student,55106,610,28,1,18
610,22,M,student,21227,605,75,0,18
611,46,M,librarian,77008,606,42,0,10
612,36,M,educator,79070,621,27,0,3
613,37,F,marketing,29678,616,28,1,11
614,54,M,educator,80227,609,39,0,3
615,38,M,educator,27705,611,103,0,3
616,55,M,scientist,50613,612,43,0,17
617,27,F,writer,11201,607,108,1,20
618,15,F,student,44212,608,216,1,18
619,17,M,student,44134,615,89,0,18
620,18,F,writer,81648,613,110,1,20
621,17,M,student,60402,618,171,0,18
622,25,M,programmer,14850,617,228,0,14
623,50,F,educator,60187,623,45,1,3
624,19,M,student,30067,620,141,0,18
625,27,M,programmer,20723,625,106,0,14
626,23,M,scientist,19807,636,32,0,17
627,24,M,engineer,08034,622,181,0,4
628,13,M,none,94306,624,27,0,12
629,46,F,other,44224,626,121,1,13
630,26,F,healthcare,55408,632,108,1,7
631,18,F,student,38866,629,20,1,18
632,18,M,student,55454,628,118,0,18
633,35,M,programmer,55414,627,58,0,14
634,39,M,engineer,T8H1N,630,135,0,4
635,22,M,other,23237,640,34,0,13
636,47,M,educator,48043,642,20,0,3
637,30,M,other,74101,634,104,0,13
638,45,M,engineer,01940,639,67,0,4
639,42,F,librarian,12065,631,148,1,10
640,20,M,student,61801,635,109,0,18
641,24,M,student,60626,665,40,0,18
642,18,F,student,95521,633,318,1,18
643,39,M,scientist,55122,637,206,0,17
644,51,M,retired,63645,641,42,0,15
645,27,M,programmer,53211,643,122,0,14
646,17,F,student,51250,656,38,1,18
647,40,M,educator,45810,645,58,0,3
648,43,M,engineer,91351,644,297,0,4
649,20,M,student,39762,651,24,0,18
650,42,M,engineer,83814,646,311,0,4
651,65,M,retired,02903,647,21,0,15
652,35,M,other,22911,672,22,0,13
653,31,M,executive,55105,649,283,0,6
654,27,F,student,78739,648,147,1,18
655,50,F,healthcare,60657,650,685,1,7
656,48,M,educator,10314,653,24,0,3
657,26,F,none,78704,659,29,1,12
658,33,M,programmer,92626,652,71,0,14
659,31,M,educator,54248,655,191,0,3
660,26,M,student,77380,654,224,0,18
661,28,M,programmer,98121,662,121,0,14
662,55,M,librarian,19102,663,23,0,10
663,26,M,other,19341,657,158,0,13
664,30,M,engineer,94115,658,166,0,4
665,25,M,administrator,55412,660,142,0,0
666,44,M,administrator,61820,661,245,0,0
667,35,M,librarian,01970,664,47,0,10
668,29,F,writer,10016,666,46,1,20
669,37,M,other,20009,669,100,0,13
670,30,M,technician,21114,689,46,0,19
671,21,M,programmer,91919,668,124,0,14
672,54,F,administrator,90095,680,29,1,0
673,51,M,educator,22906,667,35,0,3
674,13,F,student,55337,671,41,1,18
675,34,M,other,28814,700,34,0,13
676,30,M,programmer,32712,670,77,0,14
677,20,M,other,99835,673,49,0,13
678,50,M,educator,61462,710,28,0,3
679,20,F,student,54302,675,62,1,18
680,33,M,lawyer,90405,691,38,0,9
681,44,F,marketing,97208,709,22,1,11
682,23,M,programmer,55128,674,399,0,14
683,42,M,librarian,23509,678,75,0,10
684,28,M,student,55414,676,86,0,18
685,32,F,librarian,55409,677,20,1,10
686,32,M,educator,26506,684,71,0,3
687,31,F,healthcare,27713,698,21,1,7
688,37,F,administrator,60476,686,24,1,0
689,25,M,other,45439,683,36,0,13
690,35,M,salesman,63304,682,115,0,16
691,34,M,educator,60089,679,32,0,3
692,34,M,engineer,18053,681,40,0,4
693,43,F,healthcare,85210,685,154,1,7
694,60,M,programmer,06365,690,157,0,14
695,26,M,writer,38115,699,38,0,20
696,55,M,other,94920,717,29,0,13
697,25,M,other,77042,687,105,0,13
698,28,F,programmer,06906,688,127,1,14
699,44,M,other,96754,694,149,0,13
700,17,M,student,76309,697,21,0,18
701,51,F,librarian,56321,693,33,1,10
702,37,M,other,89104,712,31,0,13
703,26,M,educator,49512,727,47,0,3
704,51,F,librarian,91105,695,90,1,10
705,21,F,student,54494,692,114,1,18
706,23,M,student,55454,722,29,0,18
707,56,F,librarian,19146,696,236,1,10
708,26,F,homemaker,96349,701,105,1,8
709,21,M,other,N4T1A,702,138,0,13
710,19,M,student,92020,704,86,0,18
711,22,F,student,15203,703,221,1,18
712,22,F,student,54901,705,162,1,18
713,42,F,other,07204,707,30,1,13
714,26,M,engineer,55343,714,44,0,4
715,21,M,technician,91206,706,167,0,19
716,36,F,administrator,44265,708,269,1,0
717,24,M,technician,84105,715,93,0,19
718,42,M,technician,64118,716,39,0,19
719,37,F,other,V0R2H,711,67,1,13
720,49,F,administrator,16506,723,30,1,0
721,24,F,entertainment,11238,713,168,1,5
722,50,F,homemaker,17331,718,42,1,8
723,26,M,executive,94403,740,22,0,6
724,31,M,executive,40243,719,85,0,6
725,21,M,student,91711,721,25,0,18
726,25,F,administrator,80538,725,24,1,0
727,25,M,student,78741,720,322,0,18
728,58,M,executive,94306,726,26,0,6
729,19,M,student,56567,724,21,0,18
730,31,F,scientist,32114,731,38,1,17
731,41,F,educator,70403,745,83,1,3
732,28,F,other,98405,753,20,1,13
733,44,F,other,60630,735,107,1,13
734,25,F,other,63108,730,64,1,13
735,29,F,healthcare,85719,738,53,1,7
736,48,F,writer,94618,729,24,1,20
737,30,M,programmer,98072,734,33,0,14
738,35,M,technician,95403,728,148,0,19
739,35,M,technician,73162,741,35,0,19
740,25,F,educator,22206,737,20,1,3
741,25,M,writer,63108,747,104,0,20
742,35,M,student,29210,733,26,0,18
743,31,M,programmer,92660,732,35,0,14
744,35,M,marketing,47024,755,27,0,11
745,42,M,writer,55113,736,60,0,20
746,25,M,engineer,19047,744,67,0,4
747,19,M,other,93612,739,293,0,13
748,28,M,administrator,94720,743,108,0,0
749,33,M,other,80919,742,305,0,13
750,28,M,administrator,32303,746,33,0,0
751,24,F,other,90034,748,168,1,13
752,60,M,retired,21201,751,73,0,15
753,56,M,salesman,91206,757,57,0,16
754,59,F,librarian,62901,756,34,1,10
755,44,F,educator,97007,762,38,1,3
756,30,F,none,90247,749,109,1,12
757,26,M,student,55104,750,166,0,18
758,27,M,student,53706,752,357,0,18
759,20,F,student,68503,773,32,1,18
760,35,F,other,14211,770,41,1,13
761,17,M,student,97302,771,66,0,18
762,32,M,administrator,95050,754,21,0,0
763,27,M,scientist,02113,758,129,0,17
764,27,F,educator,62903,759,109,1,3
765,31,M,student,33066,766,23,0,18
766,42,M,other,10960,768,175,0,13
767,70,M,engineer,00000,760,37,0,4
768,29,M,administrator,12866,764,64,0,0
769,39,M,executive,06927,761,29,0,6
770,28,M,student,14216,781,64,0,18
771,26,M,student,15232,763,70,0,18
772,50,M,writer,27105,767,33,0,20
773,20,M,student,55414,765,161,0,18
774,30,M,student,80027,769,224,0,18
775,46,M,executive,90036,799,28,0,6
776,30,M,librarian,51157,774,105,0,10
777,63,M,programmer,01810,772,36,0,14
778,34,M,student,01960,777,65,0,18
779,31,M,student,K7L5J,776,37,0,18
780,49,M,programmer,94560,775,55,0,14
781,20,M,student,48825,789,42,0,18
782,21,F,artist,33205,778,232,1,1
783,30,M,marketing,77081,786,30,0,11
784,47,M,administrator,91040,780,39,0,0
785,32,M,engineer,23322,787,27,0,4
786,36,F,engineer,01754,779,117,1,4
787,18,F,student,98620,785,57,1,18
788,51,M,administrator,05779,782,249,0,0
789,29,M,other,55420,783,33,0,13
790,27,M,technician,80913,784,231,0,19
791,31,M,educator,20064,794,25,0,3
792,40,M,programmer,12205,800,47,0,14
793,22,M,student,85281,792,55,0,18
794,32,M,educator,57197,788,39,0,3
795,30,M,programmer,08610,791,159,0,14
796,32,F,writer,33755,790,358,1,20
797,44,F,other,62522,805,26,1,13
798,40,F,writer,64131,793,239,1,20
799,49,F,administrator,19716,801,24,1,0
800,25,M,programmer,55337,796,28,0,14
801,22,M,writer,92154,806,26,0,20
802,35,M,administrator,34105,795,75,0,0
803,70,M,administrator,78212,798,33,0,0
804,39,M,educator,61820,797,332,0,3
805,27,F,other,20009,802,273,1,13
806,27,M,marketing,11217,803,140,0,11
807,41,F,healthcare,93555,804,204,1,7
808,45,M,salesman,90016,824,23,0,16
809,50,F,marketing,30803,807,20,1,11
810,55,F,other,80526,833,26,1,13
811,40,F,educator,73013,818,21,1,3
812,22,M,technician,76234,813,20,0,19
813,14,F,student,02136,839,29,1,18
814,30,M,other,12345,812,35,0,13
815,32,M,other,28806,808,183,0,13
816,34,M,other,20755,828,25,0,13
817,19,M,student,60152,809,36,0,18
818,28,M,librarian,27514,811,21,0,10
819,59,M,administrator,40205,822,28,0,0
820,22,M,student,37725,858,21,0,18
821,37,M,engineer,77845,810,62,0,4
822,29,F,librarian,53144,843,25,1,10
823,27,M,artist,50322,814,185,0,1
824,31,M,other,15017,852,20,0,13
825,44,M,engineer,05452,815,145,0,4
826,28,M,artist,77048,820,115,0,1
827,23,F,engineer,80228,816,28,1,4
828,28,M,librarian,85282,823,104,0,10
829,48,M,writer,80209,817,64,0,20
830,46,M,programmer,53066,819,106,0,14
831,21,M,other,33765,821,73,0,13
832,24,M,technician,77042,832,25,0,19
833,34,M,writer,90019,826,267,0,20
834,26,M,other,64153,836,54,0,13
835,44,F,executive,11577,825,102,1,6
836,44,M,artist,10018,827,50,0,1
837,36,F,artist,55409,838,46,1,1
838,23,M,student,01375,829,93,0,18
839,38,F,entertainment,90814,830,57,1,5
840,39,M,artist,55406,831,197,0,1
841,45,M,doctor,47401,854,31,0,2
842,40,M,writer,93055,840,27,0,20
843,35,M,librarian,44212,835,204,0,10
844,22,M,engineer,95662,834,81,0,4
845,64,M,doctor,97405,853,31,0,2
846,27,M,lawyer,47130,837,405,0,9
847,29,M,student,55417,841,146,0,18
848,46,M,engineer,02146,842,150,0,4
849,15,F,student,25652,846,23,1,18
850,34,M,technician,78390,848,51,0,19
851,18,M,other,29646,845,209,0,13
852,46,M,administrator,94086,844,49,0,0
853,49,M,writer,40515,850,41,0,20
854,29,F,student,55408,847,217,1,18
855,53,M,librarian,04988,851,23,0,10
856,43,F,marketing,97215,857,26,1,11
857,35,F,administrator,V1G4L,861,22,1,0
858,63,M,educator,09645,849,21,0,3
859,18,F,other,06492,855,39,1,13
860,70,F,retired,48322,860,71,1,15
861,38,F,student,14085,866,43,1,18
862,25,M,executive,13820,856,165,0,6
863,17,M,student,60089,859,107,0,18
864,27,M,programmer,63021,862,294,0,14
865,25,M,artist,11231,863,66,0,1
866,45,M,other,60302,872,20,0,13
867,24,M,scientist,92507,865,95,0,17
868,21,M,programmer,55303,864,208,0,14
869,30,M,student,10025,877,47,0,18
870,22,M,student,65203,867,269,0,18
871,31,M,executive,44648,868,115,0,6
872,19,F,student,74078,871,71,1,18
873,48,F,administrator,33763,874,20,1,0
874,36,M,scientist,37076,886,34,0,17
875,24,F,student,35802,869,89,1,18
876,41,M,other,20902,870,21,0,13
877,30,M,other,77504,873,81,0,13
878,50,F,educator,98027,876,134,1,3
879,33,F,administrator,55337,879,29,1,0
880,13,M,student,83702,875,368,0,18
881,39,M,marketing,43017,878,259,0,11
882,35,M,engineer,40503,881,137,0,4
883,49,M,librarian,50266,880,268,0,10
884,44,M,engineer,55337,882,43,0,4
885,30,F,other,95316,884,102,1,13
886,20,M,student,61820,883,240,0,18
887,14,F,student,27249,890,171,1,18
888,41,M,scientist,17036,932,20,0,17
889,24,M,technician,78704,885,326,0,19
890,32,M,student,97301,888,119,0,18
891,51,F,administrator,03062,891,47,1,0
892,36,M,other,45243,887,226,0,13
893,25,M,student,95823,889,59,0,18
894,47,M,educator,74075,892,245,0,3
895,31,F,librarian,32301,903,20,1,10
896,28,M,writer,91505,893,362,0,20
897,30,M,other,33484,894,185,0,13
898,23,M,homemaker,61755,902,30,0,8
899,32,M,other,55116,896,135,0,13
900,60,M,retired,18505,905,45,0,15
901,38,M,executive,L1V3W,895,124,0,6
902,45,F,artist,97203,901,49,1,1
903,28,M,educator,20850,897,136,0,3
904,17,F,student,61073,898,47,1,18
905,27,M,other,30350,900,40,0,13
906,45,M,librarian,70124,904,41,0,10
907,25,F,other,80526,899,147,1,13
908,44,F,librarian,68504,906,74,1,10
909,50,F,educator,53171,926,26,1,3
910,28,M,healthcare,29301,914,60,0,7
911,37,F,writer,53210,908,98,1,20
912,51,M,other,06512,909,53,0,13
913,27,M,student,76201,915,132,0,18
914,44,F,other,08105,910,23,1,13
915,50,M,entertainment,60614,916,26,0,5
916,27,M,engineer,N2L5N,907,317,0,4
917,22,F,student,20006,924,35,1,18
918,40,M,scientist,70116,911,103,0,17
919,25,M,other,14216,912,217,0,13
920,30,F,artist,90008,941,26,1,1
921,20,F,student,98801,913,110,1,18
922,29,F,administrator,21114,917,127,1,0
923,21,M,student,E2E3R,918,74,0,18
924,29,M,other,11753,921,82,0,13
925,18,F,salesman,49036,933,32,1,16
926,49,M,entertainment,01701,936,20,0,5
927,23,M,programmer,55428,920,120,0,14
928,21,M,student,55408,919,32,0,18
929,44,M,scientist,53711,922,49,0,17
930,28,F,scientist,07310,940,63,1,17
931,60,M,educator,33556,923,61,0,3
932,58,M,educator,06437,925,241,0,3
933,28,M,student,48105,928,184,0,18
934,61,M,engineer,22902,927,174,0,4
935,42,M,doctor,66221,929,39,0,2
936,24,M,other,32789,939,142,0,13
937,48,M,educator,98072,935,40,0,3
938,38,F,technician,55038,930,108,1,19
939,26,F,student,33319,938,49,1,18
940,32,M,administrator,02215,931,107,0,0
941,20,M,student,97229,942,22,0,18
942,48,F,librarian,78209,934,79,1,10
943,22,M,student,77841,937,168,0,18
